{"cameraMode":{"drawMode":0,"name":"Shaded","section":"Shading Mode"},"sceneLighting":true,"audioPlay":false,"sceneViewState":{"showFog":false,"showMaterialUpdate":false,"showSkybox":false,"showFlares":false,"showImageEffects":false,"showParticleSystems":false},"in2DMode":false,"pivot":{"x":4.9780449867248539,"y":2.2261462211608888,"z":-2.442572593688965},"rotation":{"x":0.009462269023060799,"y":-0.9737873673439026,"z":0.041225045919418338,"w":0.22349737584590913},"size":6.778390407562256,"orthographic":false}