{"cameraMode":{"drawMode":0,"name":"Shaded","section":"Shading Mode"},"sceneLighting":false,"audioPlay":false,"sceneViewState":{"showFog":false,"showMaterialUpdate":false,"showSkybox":false,"showFlares":false,"showImageEffects":false,"showParticleSystems":false},"in2DMode":false,"pivot":{"x":-0.5298323631286621,"y":1.5387792587280274,"z":2.3433451652526857},"rotation":{"x":-0.00022786614135839045,"y":0.999268114566803,"z":-0.037800103425979617,"w":-0.006010127253830433},"size":2.136805295944214,"orthographic":false}