{"cameraMode":{"drawMode":0,"name":"Shaded","section":"Shading Mode"},"sceneLighting":false,"audioPlay":false,"sceneViewState":{"showFog":true,"showMaterialUpdate":true,"showSkybox":false,"showFlares":true,"showImageEffects":true,"showParticleSystems":true},"in2DMode":false,"pivot":{"x":-0.4241154193878174,"y":1.2126760482788087,"z":-2.665959358215332},"rotation":{"x":-0.03640707582235336,"y":-0.2688550353050232,"z":0.010168306529521943,"w":-0.962440550327301},"size":3.419539451599121,"orthographic":false}