{"cameraMode":{"drawMode":0,"name":"Shaded","section":"Shading Mode"},"sceneLighting":true,"audioPlay":false,"sceneViewState":{"showFog":false,"showMaterialUpdate":false,"showSkybox":false,"showFlares":false,"showImageEffects":false,"showParticleSystems":false},"in2DMode":false,"pivot":{"x":0.0015951991081237794,"y":0.9733912944793701,"z":-0.012444496154785157},"rotation":{"x":-0.002986362436786294,"y":-0.9967350959777832,"z":0.04369455948472023,"w":-0.06796065717935562},"size":5.904252529144287,"orthographic":false}