{"cameraMode":{"drawMode":0,"name":"Shaded","section":"Shading Mode"},"sceneLighting":false,"audioPlay":false,"sceneViewState":{"showFog":false,"showMaterialUpdate":false,"showSkybox":false,"showFlares":false,"showImageEffects":false,"showParticleSystems":false},"in2DMode":false,"pivot":{"x":-0.006380796432495117,"y":3.8935651779174806,"z":0.049777984619140628},"rotation":{"x":0.1745516061782837,"y":0.06290394812822342,"z":-0.0111955301836133,"w":0.9825952649116516},"size":7.119193077087402,"orthographic":false}